ID,Nome,Idade,Data_Compra,Valor_Compra,Categoria,Status_Pagamento
1,Gabriel,34,2022-03-17 00:34:31.361008,414.11,Eletrônicos,Pago
2,Diana,26,2025-02-02 00:34:31.361038,233.37,Móveis,Pago
3,Eduardo,50,2024-02-25 00:34:31.361045,745.51,Roupas,Pago
4,Gabriel,37,2022-10-07 00:34:31.361050,1527.09,Eletrônicos,Pago
5,Carlos,30,2023-03-22 00:34:31.361055,589.06,Roupas,Pago
6,Heloísa,45,2023-11-29 00:34:31.361062,659.08,Roupas,Pago
7,Eduardo,65,2022-10-17 00:34:31.361067,1303.22,Alimentos,Pago
8,Eduardo,46,2024-02-20 00:34:31.361073,431.89,Roupas,Pago
9,Gabriel,30,2023-04-16 00:34:31.361079,1799.07,Alimentos,Pago
10,Bruno,63,2022-05-18 00:34:31.361088,1064.37,Livros,Pendente
11,Carlos,52,2023-11-10 00:34:31.361096,922.83,Alimentos,Pendente
12,Gabriel,23,2024-01-02 00:34:31.361105,1137.75,Móveis,Pago
13,Carlos,35,2023-07-14 00:34:31.361111,373.77,Eletrônicos,Pago
14,Carlos,22,2022-06-01 00:34:31.361116,1246.27,Livros,Pago
15,Heloísa,64,2023-07-28 00:34:31.361120,758.05,Livros,Pago
16,Eduardo,42,2024-03-21 00:34:31.361125,1799.51,Móveis,Pago
17,Diana,19,2025-01-13 00:34:31.361130,379.27,Alimentos,Pago
18,Heloísa,27,2022-06-06 00:34:31.361134,1038.75,Eletrônicos,Pago
19,Heloísa,47,2024-05-17 00:34:31.361139,1216.32,Alimentos,Pago
20,Carlos,62,2022-08-18 00:34:31.361144,115.1,Roupas,Pago
21,Fernanda,22,2023-10-24 00:34:31.361149,759.2,Alimentos,Pendente
22,Eduardo,50,2023-02-19 00:34:31.361155,1478.64,Livros,Cancelado
23,Bruno,18,2024-08-11 00:34:31.361178,1649.74,Eletrônicos,Pago
24,Heloísa,35,2022-04-15 00:34:31.361187,660.67,Alimentos,Pago
25,Diana,49,2023-09-14 00:34:31.361194,1607.26,Eletrônicos,Pendente
26,Fernanda,64,2022-08-16 00:34:31.361199,1937.12,Eletrônicos,Cancelado
27,Fernanda,28,2024-01-15 00:34:31.361204,1720.9,Roupas,Pago
28,Bruno,38,2022-09-17 00:34:31.361209,279.41,Roupas,Pago
29,Heloísa,43,2023-03-17 00:34:31.361214,1492.47,Livros,Pago
30,Diana,42,2025-01-28 00:34:31.361219,673.35,Móveis,Pago
31,Eduardo,39,2023-11-03 00:34:31.361224,1977.41,Eletrônicos,Pago
32,Alice,44,2024-07-24 00:34:31.361229,996.45,Móveis,Pago
33,Diana,30,2024-04-19 00:34:31.361233,288.75,Livros,Pago
34,Bruno,50,2023-03-18 00:34:31.361240,1464.11,Eletrônicos,Pago
35,Fernanda,51,2023-04-04 00:34:31.361248,679.87,Eletrônicos,Pendente
36,Eduardo,58,2024-05-10 00:34:31.361257,1994.3,Móveis,Pago
37,Diana,52,2023-03-06 00:34:31.361265,1960.58,Alimentos,Pago
38,Alice,18,2023-01-18 00:34:31.361273,1329.46,Roupas,Pago
39,Alice,38,2022-07-17 00:34:31.361279,303.16,Alimentos,Pago
40,Carlos,65,2024-02-04 00:34:31.361284,1389.38,Móveis,Cancelado
41,Carlos,23,2023-11-17 00:34:31.361289,231.41,Roupas,Pago
42,Gabriel,45,2022-04-25 00:34:31.361294,107.26,Alimentos,Pago
43,Bruno,34,2025-01-21 00:34:31.361299,1654.77,Roupas,Pendente
44,Heloísa,22,2022-08-27 00:34:31.361303,459.02,Eletrônicos,Pago
45,Diana,48,2022-03-30 00:34:31.361308,789.1,Alimentos,Cancelado
46,Diana,22,2022-09-24 00:34:31.361313,1948.24,Roupas,Pago
47,Heloísa,55,2024-12-02 00:34:31.361317,706.84,Roupas,Pago
48,Gabriel,20,2022-07-18 00:34:31.361323,628.16,Roupas,Pago
49,Fernanda,40,2023-11-18 00:34:31.361327,1840.51,Alimentos,Pago
50,Fernanda,54,2023-07-30 00:34:31.361332,265.96,Livros,Pendente
51,Gabriel,54,2023-02-12 00:34:31.361337,1531.19,Alimentos,Pendente
52,Fernanda,27,2023-09-22 00:34:31.361341,1976.73,Móveis,Pago
53,Carlos,27,2024-01-19 00:34:31.361346,1807.53,Alimentos,Pago
54,Diana,36,2025-01-11 00:34:31.361352,1320.75,Roupas,Pendente
55,Gabriel,34,2022-09-16 00:34:31.361360,662.42,Eletrônicos,Cancelado
56,Diana,38,2022-12-15 00:34:31.361379,545.93,Alimentos,Pago
57,Heloísa,31,2024-09-15 00:34:31.361389,1647.55,Alimentos,Pago
58,Alice,26,2022-09-19 00:34:31.361398,1765.65,Roupas,Pago
59,Carlos,63,2022-06-21 00:34:31.361406,1074.6,Eletrônicos,Pendente
60,Eduardo,18,2022-04-10 00:34:31.361412,526.46,Eletrônicos,Pago
61,Carlos,62,2022-10-24 00:34:31.361420,270.24,Móveis,Pago
62,Gabriel,30,2023-02-02 00:34:31.361428,220.0,Alimentos,Pendente
63,Eduardo,21,2022-06-06 00:34:31.361436,1452.2,Eletrônicos,Pago
64,Alice,18,2025-01-29 00:34:31.361444,869.23,Eletrônicos,Pago
65,Gabriel,57,2024-04-22 00:34:31.361453,1815.45,Livros,Pago
66,Bruno,49,2022-10-04 00:34:31.361460,1492.36,Livros,Pago
67,Diana,51,2024-11-27 00:34:31.361465,422.96,Eletrônicos,Pago
68,Alice,45,2023-07-30 00:34:31.361470,1246.87,Móveis,Pago
69,Diana,48,2022-07-31 00:34:31.361474,899.24,Eletrônicos,Pago
70,Fernanda,25,2022-05-17 00:34:31.361479,1175.64,Roupas,Pago
71,Bruno,56,2022-12-19 00:34:31.361484,1489.23,Alimentos,Pendente
72,Bruno,43,2022-12-20 00:34:31.361491,1622.08,Móveis,Pendente
73,Alice,51,2023-10-16 00:34:31.361499,1695.29,Roupas,Pago
74,Bruno,20,2024-07-26 00:34:31.361508,545.25,Móveis,Pago
75,Eduardo,29,2022-03-03 00:34:31.361514,110.68,Roupas,Pago
76,Bruno,18,2023-12-17 00:34:31.361519,1491.62,Alimentos,Pago
77,Diana,61,2022-06-10 00:34:31.361523,257.37,Alimentos,Pago
78,Diana,22,2023-09-18 00:34:31.361528,664.09,Livros,Pago
79,Gabriel,47,2023-07-09 00:34:31.361533,57.44,Roupas,Pago
80,Diana,47,2022-04-05 00:34:31.361538,1379.26,Livros,Pago
81,Gabriel,34,2024-08-04 00:34:31.361543,375.91,Roupas,Pago
82,Diana,65,2024-01-29 00:34:31.361547,1327.8,Livros,Pago
83,Eduardo,64,2024-03-07 00:34:31.361552,1983.9,Alimentos,Pago
84,Heloísa,40,2022-07-05 00:34:31.361557,191.71,Móveis,Pago
85,Gabriel,32,2023-03-29 00:34:31.361561,200.3,Livros,Pago
86,Carlos,54,2024-02-07 00:34:31.361568,713.74,Roupas,Pendente
87,Fernanda,38,2022-09-04 00:34:31.361577,1739.45,Roupas,Pendente
88,Alice,31,2022-08-18 00:34:31.361585,470.28,Alimentos,Pago
89,Diana,19,2023-09-11 00:34:31.361593,752.74,Roupas,Pago
90,Bruno,28,2023-02-16 00:34:31.361602,183.59,Eletrônicos,Pago
91,Heloísa,56,2024-07-28 00:34:31.361609,1538.15,Móveis,Pago
92,Diana,55,2023-11-22 00:34:31.361613,846.2,Livros,Pago
93,Bruno,51,2023-09-17 00:34:31.361620,1530.54,Móveis,Pendente
94,Fernanda,55,2022-05-09 00:34:31.361629,1812.04,Alimentos,Pago
95,Fernanda,51,2022-07-09 00:34:31.361638,503.89,Livros,Pendente
96,Fernanda,35,2023-02-24 00:34:31.361644,1624.42,Livros,Pago
97,Bruno,47,2022-05-12 00:34:31.361649,165.23,Eletrônicos,Pago
98,Diana,32,2023-10-07 00:34:31.361654,1802.75,Alimentos,Pendente
99,Fernanda,44,2024-10-25 00:34:31.361659,1319.0,Roupas,Pago
100,Eduardo,51,2024-01-30 00:34:31.361664,1754.74,Eletrônicos,Pago
101,Gabriel,55,2023-07-16 00:34:31.361668,50.37,Eletrônicos,Pago
102,Bruno,50,2024-01-21 00:34:31.361673,379.71,Móveis,Pago
103,Bruno,41,2022-02-27 00:34:31.361678,810.03,Móveis,Cancelado
104,Diana,32,2023-03-01 00:34:31.361682,790.03,Móveis,Pago
105,Bruno,47,2024-12-09 00:34:31.361687,492.12,Eletrônicos,Cancelado
106,Bruno,59,2024-05-21 00:34:31.361692,794.14,Roupas,Cancelado
107,Fernanda,34,2024-03-18 00:34:31.361697,301.25,Livros,Pendente
108,Diana,22,2023-06-23 00:34:31.361701,854.88,Móveis,Pago
109,Fernanda,46,2024-09-06 00:34:31.361706,1614.59,Roupas,Pago
110,Gabriel,21,2025-02-08 00:34:31.361712,984.19,Alimentos,Pendente
111,Heloísa,27,2023-02-21 00:34:31.361716,85.1,Móveis,Pago
112,Gabriel,34,2022-12-11 00:34:31.361721,871.82,Livros,Pago
113,Heloísa,27,2024-11-09 00:34:31.361726,102.99,Alimentos,Pago
114,Fernanda,34,2023-01-02 00:34:31.361731,1934.17,Alimentos,Pago
115,Gabriel,37,2024-07-20 00:34:31.361735,298.54,Livros,Pago
116,Diana,41,2024-01-15 00:34:31.361740,1429.99,Móveis,Pago
117,Alice,22,2023-07-12 00:34:31.361748,1946.91,Eletrônicos,Pago
118,Fernanda,51,2022-09-14 00:34:31.361757,1660.78,Livros,Pendente
119,Heloísa,23,2022-03-17 00:34:31.361765,1413.66,Livros,Pago
120,Eduardo,19,2023-07-08 00:34:31.361774,1686.95,Livros,Cancelado
121,Heloísa,30,2024-11-19 00:34:31.361780,1964.51,Alimentos,Pago
122,Eduardo,60,2023-04-18 00:34:31.361785,1261.62,Roupas,Pendente
123,Bruno,60,2023-03-08 00:34:31.361790,1140.41,Eletrônicos,Pago
124,Gabriel,65,2022-07-29 00:34:31.361794,1275.06,Móveis,Pendente
125,Eduardo,28,2024-06-22 00:34:31.361799,1088.72,Móveis,Pago
126,Heloísa,64,2025-02-17 00:34:31.361804,1288.42,Roupas,Pendente
127,Bruno,40,2024-07-09 00:34:31.361808,927.19,Livros,Pago
128,Alice,33,2022-12-11 00:34:31.361813,475.96,Eletrônicos,Pendente
129,Diana,48,2023-07-11 00:34:31.361818,284.48,Móveis,Cancelado
130,Diana,28,2024-10-26 00:34:31.361824,183.26,Móveis,Pago
131,Diana,33,2022-08-16 00:34:31.361828,563.47,Livros,Pago
132,Eduardo,25,2024-08-09 00:34:31.361833,139.94,Roupas,Pendente
133,Alice,21,2022-10-02 00:34:31.361838,1155.98,Eletrônicos,Pago
134,Eduardo,57,2024-11-21 00:34:31.361843,603.47,Roupas,Pendente
135,Gabriel,21,2024-10-20 00:34:31.361847,1657.84,Roupas,Pago
136,Eduardo,42,2024-09-29 00:34:31.361852,194.77,Eletrônicos,Pago
137,Alice,20,2022-06-01 00:34:31.361857,491.39,Eletrônicos,Cancelado
138,Alice,49,2024-11-05 00:34:31.361862,1473.98,Móveis,Pago
139,Gabriel,20,2022-09-16 00:34:31.361866,1217.68,Móveis,Pendente
140,Alice,44,2023-12-19 00:34:31.361871,175.76,Eletrônicos,Pago
141,Heloísa,46,2024-04-08 00:34:31.361876,1760.62,Alimentos,Pago
142,Alice,49,2023-05-26 00:34:31.361880,1760.66,Móveis,Pago
143,Diana,36,2025-02-10 00:34:31.361885,694.3,Alimentos,Pago
144,Heloísa,38,2023-01-07 00:34:31.361890,713.79,Eletrônicos,Pago
145,Heloísa,22,2024-07-11 00:34:31.361895,1978.61,Móveis,Pago
146,Gabriel,35,2023-08-16 00:34:31.361899,1271.04,Roupas,Pago
147,Carlos,45,2023-03-06 00:34:31.361904,1086.07,Eletrônicos,Pago
148,Carlos,59,2024-10-31 00:34:31.361909,1684.4,Livros,Pendente
149,Alice,39,2024-06-13 00:34:31.361914,606.32,Alimentos,Pago
150,Heloísa,38,2024-02-02 00:34:31.361919,886.91,Eletrônicos,Pago
151,Carlos,23,2025-02-12 00:34:31.361924,572.16,Eletrônicos,Pago
152,Carlos,18,2023-11-18 00:34:31.361929,1588.86,Móveis,Pago
153,Alice,22,2024-07-26 00:34:31.361933,1168.03,Móveis,Pendente
154,Carlos,58,2022-09-03 00:34:31.361938,1334.71,Móveis,Pago
155,Eduardo,29,2025-01-28 00:34:31.361943,542.0,Livros,Pago
156,Bruno,43,2024-01-06 00:34:31.361947,479.44,Móveis,Pago
157,Gabriel,63,2022-09-08 00:34:31.361952,1002.33,Eletrônicos,Pago
158,Bruno,51,2023-09-23 00:34:31.361957,1488.25,Móveis,Pendente
159,Alice,31,2022-12-03 00:34:31.361962,1074.22,Roupas,Pago
160,Diana,43,2022-09-29 00:34:31.361966,113.66,Móveis,Pendente
161,Gabriel,62,2025-02-05 00:34:31.361971,1743.68,Livros,Pago
162,Alice,44,2022-06-24 00:34:31.361976,176.14,Roupas,Pago
163,Heloísa,26,2022-06-17 00:34:31.361981,1913.86,Eletrônicos,Cancelado
164,Diana,43,2022-05-12 00:34:31.361985,99.03,Eletrônicos,Pago
165,Bruno,64,2022-04-20 00:34:31.361990,1404.18,Alimentos,Pago
166,Alice,39,2024-11-24 00:34:31.361995,210.3,Roupas,Pago
167,Heloísa,64,2022-08-25 00:34:31.362000,1825.82,Alimentos,Pago
168,Gabriel,47,2024-10-20 00:34:31.362004,955.64,Roupas,Pago
169,Gabriel,60,2023-01-31 00:34:31.362009,318.17,Roupas,Pago
170,Fernanda,65,2023-04-06 00:34:31.362014,714.59,Livros,Pago
171,Heloísa,34,2024-04-16 00:34:31.362018,371.41,Alimentos,Pago
172,Eduardo,43,2023-03-27 00:34:31.362023,382.63,Livros,Pago
173,Carlos,53,2024-05-07 00:34:31.362027,1898.81,Roupas,Pago
174,Diana,18,2024-04-18 00:34:31.362033,918.23,Eletrônicos,Pago
175,Heloísa,25,2022-08-20 00:34:31.362038,1588.16,Roupas,Pago
176,Fernanda,52,2023-04-29 00:34:31.362046,1297.23,Livros,Cancelado
177,Carlos,32,2023-08-20 00:34:31.362055,1369.03,Alimentos,Pago
178,Carlos,64,2024-04-13 00:34:31.362063,306.8,Alimentos,Pendente
179,Alice,39,2022-09-30 00:34:31.362068,506.66,Livros,Pago
180,Carlos,31,2022-03-04 00:34:31.362076,1584.16,Alimentos,Pago
181,Eduardo,43,2022-08-10 00:34:31.362085,1942.99,Móveis,Pago
182,Gabriel,45,2023-01-26 00:34:31.362093,562.22,Eletrônicos,Pago
183,Fernanda,40,2025-01-15 00:34:31.362102,579.56,Eletrônicos,Pago
184,Carlos,31,2023-12-02 00:34:31.362107,972.15,Eletrônicos,Pago
185,Alice,41,2024-11-18 00:34:31.362112,1968.49,Alimentos,Pago
186,Eduardo,19,2024-03-03 00:34:31.362117,574.47,Alimentos,Cancelado
187,Bruno,62,2022-08-31 00:34:31.362121,843.6,Roupas,Pago
188,Gabriel,43,2022-10-11 00:34:31.362126,1788.39,Roupas,Pago
189,Gabriel,31,2024-09-13 00:34:31.362131,55.7,Eletrônicos,Pendente
190,Fernanda,24,2022-07-08 00:34:31.362135,127.54,Móveis,Pago
191,Gabriel,20,2025-01-26 00:34:31.362140,1227.94,Roupas,Pago
192,Carlos,64,2024-01-12 00:34:31.362148,1819.39,Roupas,Pago
193,Alice,40,2022-12-07 00:34:31.362156,515.77,Alimentos,Cancelado
194,Gabriel,63,2023-09-22 00:34:31.362164,965.8,Móveis,Pendente
195,Gabriel,60,2023-02-18 00:34:31.362168,928.41,Eletrônicos,Pago
196,Bruno,64,2023-09-06 00:34:31.362173,972.29,Roupas,Pago
197,Bruno,62,2022-07-09 00:34:31.362178,1263.91,Móveis,Cancelado
198,Diana,35,2024-09-20 00:34:31.362184,966.0,Móveis,Pago
199,Eduardo,55,2022-07-18 00:34:31.362189,922.56,Eletrônicos,Pago
200,Carlos,52,2023-06-22 00:34:31.362194,974.86,Móveis,Pago
201,Gabriel,32,2023-12-27 00:34:31.362198,1202.19,Móveis,Pago
202,Heloísa,42,2022-10-07 00:34:31.362204,1097.16,Móveis,Pago
203,Gabriel,54,2023-07-22 00:34:31.362209,1715.57,Roupas,Pago
204,Alice,45,2024-03-21 00:34:31.362213,146.52,Eletrônicos,Pago
205,Diana,27,2022-08-02 00:34:31.362218,1674.97,Móveis,Pago
206,Eduardo,56,2024-04-30 00:34:31.362223,1695.65,Móveis,Pendente
207,Heloísa,34,2023-01-26 00:34:31.362227,605.57,Roupas,Pago
208,Diana,56,2024-08-17 00:34:31.362232,952.56,Eletrônicos,Pago
209,Fernanda,39,2023-05-24 00:34:31.362240,905.15,Alimentos,Pago
210,Eduardo,43,2023-09-08 00:34:31.362249,476.09,Roupas,Pago
211,Gabriel,61,2025-01-29 00:34:31.362258,823.75,Eletrônicos,Pago
212,Gabriel,42,2022-08-23 00:34:31.362267,136.56,Móveis,Pago
213,Eduardo,34,2022-10-06 00:34:31.362271,591.75,Eletrônicos,Pendente
214,Gabriel,30,2022-12-18 00:34:31.362276,1642.53,Eletrônicos,Cancelado
215,Carlos,37,2024-11-11 00:34:31.362281,604.9,Eletrônicos,Pago
216,Eduardo,42,2023-01-29 00:34:31.362285,1645.5,Alimentos,Pago
217,Diana,21,2023-10-30 00:34:31.362290,1086.62,Eletrônicos,Pago
218,Eduardo,27,2022-07-25 00:34:31.362295,1765.73,Alimentos,Pendente
219,Heloísa,20,2023-09-12 00:34:31.362299,1170.82,Móveis,Pendente
220,Gabriel,58,2024-03-22 00:34:31.362304,107.85,Alimentos,Pago
221,Carlos,62,2025-02-17 00:34:31.362309,1367.07,Móveis,Pago
222,Carlos,35,2024-02-10 00:34:31.362314,137.46,Móveis,Pendente
223,Fernanda,64,2024-05-02 00:34:31.362320,928.66,Alimentos,Pago
224,Diana,53,2022-11-05 00:34:31.362329,1862.38,Roupas,Pago
225,Bruno,64,2022-05-21 00:34:31.362337,372.15,Livros,Pago
226,Bruno,39,2023-08-16 00:34:31.362345,810.25,Eletrônicos,Pago
227,Eduardo,51,2024-04-07 00:34:31.362354,1473.23,Livros,Pendente
228,Fernanda,64,2024-02-04 00:34:31.362362,1770.4,Eletrônicos,Cancelado
229,Alice,25,2025-02-05 00:34:31.362370,1358.34,Eletrônicos,Pago
230,Eduardo,57,2023-10-04 00:34:31.362379,553.44,Móveis,Pago
231,Fernanda,61,2024-07-03 00:34:31.362387,1365.49,Eletrônicos,Pago
232,Diana,36,2024-10-12 00:34:31.362396,628.62,Eletrônicos,Pago
233,Diana,59,2022-11-04 00:34:31.362404,1450.94,Alimentos,Pago
234,Diana,58,2022-09-12 00:34:31.362411,1910.36,Livros,Pago
235,Diana,54,2025-01-22 00:34:31.362416,1456.72,Alimentos,Pago
236,Diana,23,2024-12-15 00:34:31.362420,1732.62,Eletrônicos,Pago
237,Fernanda,43,2024-06-03 00:34:31.362425,54.1,Móveis,Pago
238,Fernanda,51,2023-11-17 00:34:31.362430,1449.27,Alimentos,Pago
239,Carlos,62,2024-04-24 00:34:31.362434,1667.7,Alimentos,Pago
240,Heloísa,23,2022-08-15 00:34:31.362439,129.09,Roupas,Pago
241,Bruno,54,2024-05-08 00:34:31.362450,1749.62,Eletrônicos,Cancelado
242,Gabriel,50,2022-04-22 00:34:31.362460,550.55,Móveis,Pago
243,Diana,39,2023-05-31 00:34:31.362465,1347.32,Alimentos,Pago
244,Alice,38,2024-05-25 00:34:31.362469,1610.69,Alimentos,Pendente
245,Gabriel,23,2023-07-08 00:34:31.362474,1342.2,Móveis,Cancelado
246,Fernanda,23,2022-10-29 00:34:31.362479,229.96,Eletrônicos,Pago
247,Alice,65,2022-10-11 00:34:31.362486,1212.83,Roupas,Pendente
248,Alice,21,2024-10-09 00:34:31.362494,1121.69,Alimentos,Pago
249,Alice,47,2022-06-23 00:34:31.362503,1805.63,Roupas,Pago
250,Carlos,28,2023-09-25 00:34:31.362512,838.27,Livros,Pago
251,Fernanda,47,2024-04-12 00:34:31.362520,676.11,Eletrônicos,Pago
252,Alice,48,2023-07-24 00:34:31.362529,1512.21,Livros,Pago
253,Diana,41,2022-09-17 00:34:31.362537,854.72,Livros,Pago
254,Eduardo,26,2023-04-04 00:34:31.362545,1309.89,Livros,Pago
255,Alice,20,2024-09-07 00:34:31.362553,1310.58,Eletrônicos,Pago
256,Carlos,48,2024-04-20 00:34:31.362562,1781.68,Eletrônicos,Pago
257,Gabriel,57,2024-09-16 00:34:31.362570,1217.45,Móveis,Pago
258,Fernanda,54,2023-06-10 00:34:31.362579,1029.2,Roupas,Pago
259,Heloísa,53,2022-07-08 00:34:31.362587,320.8,Roupas,Pendente
260,Carlos,41,2024-03-22 00:34:31.362592,275.69,Móveis,Pendente
261,Alice,48,2022-06-26 00:34:31.362598,350.93,Móveis,Pendente
262,Fernanda,23,2023-09-27 00:34:31.362602,385.1,Livros,Pago
263,Eduardo,19,2022-04-12 00:34:31.362607,1293.86,Móveis,Pendente
264,Alice,37,2024-05-13 00:34:31.362612,1494.91,Alimentos,Pago
265,Carlos,45,2022-12-15 00:34:31.362617,1083.48,Roupas,Pago
266,Bruno,28,2022-05-01 00:34:31.362621,1666.58,Móveis,Pago
267,Diana,21,2024-10-23 00:34:31.362627,1982.96,Alimentos,Pago
268,Heloísa,32,2022-03-28 00:34:31.362635,1649.02,Alimentos,Pago
269,Gabriel,23,2024-08-05 00:34:31.362645,1405.02,Alimentos,Pago
270,Carlos,47,2023-10-23 00:34:31.362652,1088.36,Alimentos,Pendente
271,Fernanda,55,2022-03-04 00:34:31.362661,925.26,Livros,Pago
272,Heloísa,19,2022-11-05 00:34:31.362669,214.57,Alimentos,Pago
273,Heloísa,32,2022-05-17 00:34:31.362678,828.77,Livros,Cancelado
274,Heloísa,28,2023-03-31 00:34:31.362684,1824.76,Livros,Pago
275,Alice,25,2022-04-20 00:34:31.362689,1625.64,Alimentos,Pago
276,Diana,43,2023-10-18 00:34:31.362693,471.3,Roupas,Pago
277,Alice,62,2024-05-19 00:34:31.362698,959.89,Alimentos,Pago
278,Fernanda,61,2023-03-29 00:34:31.362703,1642.61,Alimentos,Pago
279,Alice,22,2024-06-22 00:34:31.362711,181.4,Alimentos,Pago
280,Bruno,23,2024-10-16 00:34:31.362719,805.42,Roupas,Pago
281,Diana,43,2024-07-17 00:34:31.362727,1711.09,Eletrônicos,Pago
282,Diana,21,2022-03-24 00:34:31.362736,837.6,Eletrônicos,Pago
283,Fernanda,36,2023-10-13 00:34:31.362741,201.35,Livros,Pago
284,Gabriel,37,2023-12-20 00:34:31.362746,1107.94,Livros,Pago
285,Bruno,50,2022-08-15 00:34:31.362750,1730.4,Roupas,Pendente
286,Carlos,37,2024-09-21 00:34:31.362755,1201.06,Móveis,Pago
287,Alice,29,2024-02-01 00:34:31.362760,491.24,Eletrônicos,Pago
288,Eduardo,64,2024-04-17 00:34:31.362764,799.27,Livros,Pago
289,Alice,18,2023-02-04 00:34:31.362780,927.74,Eletrônicos,Pago
290,Heloísa,43,2022-09-11 00:34:31.362785,1179.57,Roupas,Pago
291,Alice,31,2024-02-10 00:34:31.362790,1530.73,Roupas,Pago
292,Carlos,55,2022-04-24 00:34:31.362795,242.8,Móveis,Pendente
293,Alice,54,2024-10-13 00:34:31.362800,1784.82,Móveis,Pendente
294,Bruno,28,2022-05-11 00:34:31.362804,74.0,Roupas,Pago
295,Bruno,53,2023-04-22 00:34:31.362809,771.6,Livros,Pendente
296,Diana,30,2023-09-21 00:34:31.362814,103.47,Eletrônicos,Pago
297,Fernanda,60,2024-11-25 00:34:31.362819,816.3,Alimentos,Pago
298,Gabriel,20,2024-04-14 00:34:31.362828,1075.33,Móveis,Pago
299,Eduardo,50,2023-12-20 00:34:31.362837,1047.78,Alimentos,Pago
300,Heloísa,23,2024-10-28 00:34:31.362845,372.98,Livros,Pendente
301,Alice,27,2024-04-22 00:34:31.362853,1309.19,Móveis,Pago
302,Alice,22,2023-02-06 00:34:31.362858,137.32,Alimentos,Pago
303,Carlos,40,2023-07-12 00:34:31.362863,1535.72,Livros,Cancelado
304,Fernanda,27,2022-06-08 00:34:31.362867,1895.96,Eletrônicos,Pago
305,Bruno,61,2024-03-11 00:34:31.362872,712.55,Livros,Pago
306,Eduardo,19,2022-11-28 00:34:31.362879,1058.62,Móveis,Pago
307,Diana,30,2022-12-11 00:34:31.362887,788.88,Roupas,Pendente
308,Bruno,57,2022-05-01 00:34:31.362896,63.09,Eletrônicos,Pendente
309,Heloísa,19,2022-03-10 00:34:31.362901,802.46,Alimentos,Pago
310,Fernanda,37,2022-02-22 00:34:31.362909,1593.85,Móveis,Pago
311,Heloísa,18,2024-02-24 00:34:31.362914,1212.18,Roupas,Pago
312,Gabriel,54,2022-05-16 00:34:31.362919,247.46,Livros,Pendente
313,Diana,26,2023-03-18 00:34:31.362923,1701.92,Roupas,Pago
314,Gabriel,34,2023-07-25 00:34:31.362928,1085.62,Móveis,Pago
315,Carlos,26,2023-04-03 00:34:31.362933,1691.36,Móveis,Cancelado
316,Heloísa,28,2022-12-31 00:34:31.362937,1181.43,Roupas,Pago
317,Carlos,32,2023-07-15 00:34:31.362942,1141.39,Livros,Pago
318,Alice,41,2023-07-11 00:34:31.362946,255.26,Roupas,Pago
319,Gabriel,55,2023-10-19 00:34:31.362951,376.35,Móveis,Cancelado
320,Fernanda,52,2022-06-24 00:34:31.362956,1945.45,Móveis,Pago
321,Heloísa,47,2023-10-14 00:34:31.362963,495.55,Alimentos,Pago
322,Eduardo,48,2025-01-31 00:34:31.362972,1956.03,Alimentos,Pago
323,Diana,22,2024-01-19 00:34:31.362980,1087.23,Eletrônicos,Pago
324,Bruno,61,2022-05-25 00:34:31.362984,314.79,Móveis,Pago
325,Fernanda,31,2022-10-22 00:34:31.362989,243.64,Alimentos,Pago
326,Fernanda,28,2022-11-20 00:34:31.362994,457.28,Roupas,Cancelado
327,Carlos,26,2023-11-22 00:34:31.362998,1854.99,Livros,Pago
328,Gabriel,51,2023-02-25 00:34:31.363003,857.59,Roupas,Pago
329,Heloísa,29,2022-02-26 00:34:31.363008,821.1,Livros,Pago
330,Heloísa,52,2023-03-11 00:34:31.363013,660.75,Alimentos,Pago
331,Alice,52,2024-09-29 00:34:31.363017,336.77,Eletrônicos,Pendente
332,Alice,18,2022-08-17 00:34:31.363022,1001.31,Roupas,Pago
333,Diana,57,2022-11-14 00:34:31.363026,303.59,Roupas,Pago
334,Carlos,39,2023-06-25 00:34:31.363031,1679.19,Roupas,Pago
335,Fernanda,46,2024-04-20 00:34:31.363035,772.27,Livros,Pago
336,Heloísa,25,2023-02-14 00:34:31.363041,780.87,Alimentos,Pago
337,Eduardo,28,2024-05-04 00:34:31.363049,974.31,Roupas,Pago
338,Carlos,58,2024-11-09 00:34:31.363058,916.05,Roupas,Pendente
339,Diana,54,2022-10-06 00:34:31.363064,1989.97,Eletrônicos,Cancelado
340,Diana,31,2022-06-27 00:34:31.363069,1113.49,Eletrônicos,Pago
341,Carlos,47,2022-06-21 00:34:31.363075,221.99,Alimentos,Cancelado
342,Diana,52,2022-10-31 00:34:31.363083,1233.41,Alimentos,Pago
343,Carlos,38,2022-07-03 00:34:31.363091,345.59,Móveis,Pago
344,Bruno,54,2022-07-23 00:34:31.363099,110.33,Eletrônicos,Pago
345,Carlos,22,2022-04-29 00:34:31.363108,1942.95,Móveis,Pago
346,Gabriel,36,2024-11-26 00:34:31.363116,1558.4,Livros,Pago
347,Carlos,31,2024-03-28 00:34:31.363124,1961.21,Móveis,Pago
348,Diana,43,2022-11-26 00:34:31.363132,981.86,Roupas,Pago
349,Heloísa,21,2023-11-23 00:34:31.363141,1087.9,Móveis,Pago
350,Gabriel,42,2023-06-01 00:34:31.363149,378.26,Alimentos,Pago
351,Diana,62,2023-04-26 00:34:31.363157,531.47,Livros,Pendente
352,Alice,59,2025-02-07 00:34:31.363166,1685.17,Roupas,Pago
353,Alice,42,2024-04-21 00:34:31.363174,744.56,Móveis,Pago
354,Heloísa,35,2022-06-20 00:34:31.363184,1662.29,Livros,Pago
355,Heloísa,57,2022-12-29 00:34:31.363194,1432.58,Livros,Pago
356,Gabriel,25,2025-01-07 00:34:31.363202,395.48,Roupas,Pendente
357,Bruno,56,2022-07-21 00:34:31.363211,1039.52,Móveis,Pago
358,Heloísa,57,2024-03-13 00:34:31.363219,1370.91,Livros,Pago
359,Alice,31,2023-10-10 00:34:31.363228,508.32,Livros,Pendente
360,Carlos,49,2024-02-21 00:34:31.363237,1669.84,Eletrônicos,Pago
361,Diana,55,2022-09-12 00:34:31.363246,1112.41,Livros,Pago
362,Alice,50,2023-12-20 00:34:31.363255,372.22,Eletrônicos,Pago
363,Alice,40,2022-05-21 00:34:31.363263,1186.82,Móveis,Cancelado
364,Bruno,32,2025-01-29 00:34:31.363271,1999.44,Móveis,Pago
365,Gabriel,50,2024-01-09 00:34:31.363280,343.52,Móveis,Pago
366,Gabriel,42,2023-06-11 00:34:31.363289,1642.68,Alimentos,Pago
367,Fernanda,34,2022-05-11 00:34:31.363298,454.25,Móveis,Pago
368,Bruno,50,2024-03-20 00:34:31.363306,1575.66,Livros,Pago
369,Carlos,64,2024-01-17 00:34:31.363314,1482.43,Roupas,Pago
370,Gabriel,19,2022-12-19 00:34:31.363323,635.95,Eletrônicos,Pago
371,Diana,31,2023-03-07 00:34:31.363331,685.36,Alimentos,Cancelado
372,Heloísa,57,2024-12-30 00:34:31.363340,1595.42,Móveis,Pendente
373,Bruno,57,2024-04-01 00:34:31.363349,949.82,Móveis,Pago
374,Heloísa,56,2022-12-23 00:34:31.363365,1475.1,Roupas,Pendente
375,Alice,23,2024-10-01 00:34:31.363373,338.57,Roupas,Pago
376,Diana,23,2023-11-07 00:34:31.363382,1712.49,Alimentos,Pago
377,Diana,20,2022-12-25 00:34:31.363390,1436.23,Eletrônicos,Pago
378,Alice,24,2022-07-01 00:34:31.363399,1818.54,Móveis,Pendente
379,Bruno,25,2022-05-18 00:34:31.363408,308.13,Alimentos,Pendente
380,Alice,59,2024-02-12 00:34:31.363416,1206.38,Livros,Pago
381,Heloísa,32,2023-10-14 00:34:31.363424,1218.29,Livros,Cancelado
382,Fernanda,64,2023-01-30 00:34:31.363432,739.25,Alimentos,Pago
383,Diana,46,2024-05-04 00:34:31.363440,944.01,Móveis,Pendente
384,Eduardo,50,2024-11-05 00:34:31.363448,124.06,Alimentos,Cancelado
385,Eduardo,47,2023-04-21 00:34:31.363457,1504.43,Móveis,Pago
386,Heloísa,56,2025-02-17 00:34:31.363465,1121.18,Roupas,Pendente
387,Carlos,44,2023-07-11 00:34:31.363473,162.6,Alimentos,Pago
388,Gabriel,53,2023-05-17 00:34:31.363481,1377.47,Móveis,Pago
389,Alice,46,2024-11-21 00:34:31.363489,960.23,Alimentos,Pago
390,Alice,55,2024-03-06 00:34:31.363497,117.2,Alimentos,Pago
391,Carlos,50,2022-03-24 00:34:31.363505,1940.74,Móveis,Cancelado
392,Carlos,54,2022-08-25 00:34:31.363513,1900.77,Móveis,Pago
393,Heloísa,44,2024-09-13 00:34:31.363521,1050.16,Eletrônicos,Pago
394,Heloísa,50,2022-07-06 00:34:31.363529,232.66,Alimentos,Pendente
395,Carlos,21,2024-04-13 00:34:31.363537,1521.51,Livros,Cancelado
396,Diana,39,2023-12-02 00:34:31.363547,1009.27,Alimentos,Pago
397,Heloísa,19,2024-04-27 00:34:31.363554,639.77,Alimentos,Cancelado
398,Fernanda,27,2022-07-13 00:34:31.363563,1008.27,Móveis,Pago
399,Heloísa,22,2025-01-14 00:34:31.363571,1068.77,Alimentos,Pendente
400,Alice,27,2023-08-10 00:34:31.363579,1147.29,Alimentos,Pago
401,Heloísa,50,2022-09-12 00:34:31.363587,910.39,Livros,Pago
402,Diana,55,2024-10-01 00:34:31.363603,1231.22,Móveis,Pago
403,Carlos,30,2022-09-16 00:34:31.363613,1841.53,Alimentos,Pago
404,Alice,48,2023-02-24 00:34:31.363621,756.42,Roupas,Pago
405,Heloísa,64,2022-04-06 00:34:31.363629,1465.15,Eletrônicos,Pago
406,Diana,53,2023-09-17 00:34:31.363636,1794.18,Livros,Pago
407,Fernanda,62,2025-02-09 00:34:31.363644,939.16,Alimentos,Cancelado
408,Heloísa,41,2022-06-11 00:34:31.363653,914.74,Roupas,Pago
409,Diana,32,2024-02-07 00:34:31.363660,1224.13,Alimentos,Pago
410,Fernanda,46,2023-04-09 00:34:31.363668,1203.24,Alimentos,Pago
411,Carlos,25,2023-07-16 00:34:31.363676,1622.85,Móveis,Pago
412,Heloísa,22,2024-09-20 00:34:31.363684,979.14,Móveis,Pendente
413,Fernanda,46,2023-03-02 00:34:31.363691,1992.44,Móveis,Pendente
414,Alice,64,2022-03-14 00:34:31.363700,165.97,Roupas,Pago
415,Carlos,21,2022-10-14 00:34:31.363708,56.18,Alimentos,Pago
416,Alice,29,2024-12-31 00:34:31.363715,1298.39,Eletrônicos,Pendente
417,Eduardo,62,2023-04-27 00:34:31.363723,631.95,Livros,Pago
418,Bruno,19,2023-09-07 00:34:31.363731,518.75,Móveis,Pendente
419,Heloísa,44,2022-03-03 00:34:31.363739,658.2,Móveis,Pago
420,Fernanda,48,2022-10-16 00:34:31.363747,549.29,Alimentos,Pendente
421,Bruno,53,2024-09-26 00:34:31.363754,110.04,Alimentos,Pago
422,Bruno,53,2022-08-19 00:34:31.363762,1944.49,Roupas,Pago
423,Fernanda,43,2022-06-02 00:34:31.363770,480.45,Roupas,Cancelado
424,Carlos,60,2024-06-22 00:34:31.363777,1481.36,Móveis,Pago
425,Heloísa,44,2023-07-19 00:34:31.363785,1537.06,Alimentos,Pago
426,Eduardo,22,2023-04-04 00:34:31.363793,1862.05,Eletrônicos,Pago
427,Alice,37,2023-10-25 00:34:31.363800,109.57,Livros,Pago
428,Diana,28,2023-04-18 00:34:31.363808,1750.49,Alimentos,Pago
429,Alice,27,2023-05-30 00:34:31.363816,1078.09,Alimentos,Pago
430,Diana,57,2023-04-30 00:34:31.363823,1283.46,Roupas,Pago
431,Alice,55,2023-04-29 00:34:31.363831,1306.72,Livros,Pago
432,Fernanda,23,2022-12-07 00:34:31.363839,1648.61,Móveis,Pendente
433,Eduardo,25,2023-12-28 00:34:31.363847,700.14,Alimentos,Pago
434,Heloísa,40,2022-06-07 00:34:31.363855,1479.45,Móveis,Pago
435,Diana,64,2023-05-11 00:34:31.363862,1080.73,Alimentos,Pago
436,Heloísa,43,2022-06-26 00:34:31.363870,1597.12,Móveis,Pago
437,Heloísa,63,2023-07-10 00:34:31.363878,1981.56,Livros,Pago
438,Heloísa,60,2023-09-29 00:34:31.363885,441.27,Roupas,Pago
439,Gabriel,29,2023-12-06 00:34:31.363893,1989.56,Livros,Pago
440,Carlos,43,2022-08-13 00:34:31.363901,225.13,Eletrônicos,Pago
441,Alice,30,2023-01-11 00:34:31.363909,54.52,Roupas,Pago
442,Heloísa,57,2024-06-01 00:34:31.363917,136.12,Livros,Pago
443,Alice,35,2023-05-24 00:34:31.363924,716.48,Eletrônicos,Pago
444,Heloísa,42,2023-11-18 00:34:31.363932,1284.17,Alimentos,Pago
445,Diana,50,2022-05-27 00:34:31.363940,184.61,Alimentos,Pago
446,Carlos,64,2023-03-22 00:34:31.363947,61.05,Móveis,Pago
447,Carlos,57,2024-04-23 00:34:31.363956,1877.33,Roupas,Pendente
448,Fernanda,60,2023-08-15 00:34:31.363964,1652.76,Alimentos,Pago
449,Gabriel,29,2024-05-07 00:34:31.363971,1627.91,Roupas,Pago
450,Fernanda,61,2023-06-09 00:34:31.363978,1774.63,Alimentos,Pago
451,Fernanda,53,2022-05-20 00:34:31.363985,1415.07,Móveis,Pago
452,Fernanda,65,2025-01-14 00:34:31.363993,253.59,Livros,Pago
453,Fernanda,21,2023-02-06 00:34:31.364000,828.25,Móveis,Pago
454,Fernanda,22,2024-03-03 00:34:31.364008,1460.14,Eletrônicos,Pendente
455,Eduardo,54,2024-12-08 00:34:31.364015,596.65,Alimentos,Pago
456,Carlos,25,2023-05-13 00:34:31.364023,1390.44,Eletrônicos,Cancelado
457,Fernanda,59,2022-02-21 00:34:31.364031,97.77,Eletrônicos,Pago
458,Heloísa,45,2023-12-22 00:34:31.364042,646.97,Roupas,Pago
459,Carlos,48,2022-05-27 00:34:31.364055,1120.8,Alimentos,Pago
460,Carlos,26,2023-03-14 00:34:31.364063,1282.58,Eletrônicos,Pago
461,Bruno,46,2023-08-08 00:34:31.364071,1175.23,Livros,Pago
462,Eduardo,31,2022-11-14 00:34:31.364079,1410.62,Eletrônicos,Pago
463,Fernanda,57,2022-07-09 00:34:31.364086,61.87,Livros,Pago
464,Alice,58,2023-09-21 00:34:31.364094,246.84,Roupas,Cancelado
465,Diana,39,2023-12-19 00:34:31.364102,1744.44,Eletrônicos,Pendente
466,Gabriel,28,2024-09-12 00:34:31.364109,1379.41,Móveis,Pago
467,Heloísa,40,2024-09-23 00:34:31.364117,270.22,Roupas,Pago
468,Alice,18,2023-01-05 00:34:31.364124,1692.05,Livros,Pago
469,Eduardo,63,2024-12-14 00:34:31.364132,522.35,Roupas,Pago
470,Diana,54,2022-05-12 00:34:31.364140,982.61,Eletrônicos,Pago
471,Eduardo,38,2024-02-04 00:34:31.364148,333.13,Alimentos,Pago
472,Heloísa,43,2024-12-23 00:34:31.364156,1434.71,Alimentos,Pago
473,Carlos,63,2024-03-14 00:34:31.364164,1350.37,Livros,Pago
474,Diana,53,2023-02-23 00:34:31.364172,461.67,Livros,Cancelado
475,Carlos,40,2023-01-11 00:34:31.364179,1733.63,Alimentos,Pago
476,Heloísa,18,2023-06-16 00:34:31.364187,832.55,Livros,Cancelado
477,Alice,57,2024-03-02 00:34:31.364195,620.4,Roupas,Pago
478,Heloísa,32,2024-10-26 00:34:31.364203,347.04,Móveis,Pago
479,Alice,38,2023-04-29 00:34:31.364210,569.03,Móveis,Pago
480,Diana,64,2023-11-24 00:34:31.364218,92.95,Roupas,Pago
481,Diana,26,2024-05-08 00:34:31.364226,1187.35,Móveis,Pago
482,Fernanda,26,2022-05-09 00:34:31.364234,1692.35,Eletrônicos,Pago
483,Eduardo,27,2024-04-14 00:34:31.364242,1120.51,Roupas,Pago
484,Fernanda,43,2024-07-26 00:34:31.364250,477.58,Livros,Pago
485,Eduardo,58,2023-06-12 00:34:31.364258,115.65,Roupas,Pago
486,Fernanda,52,2023-12-01 00:34:31.364266,468.52,Alimentos,Pago
487,Carlos,42,2023-04-21 00:34:31.364275,861.44,Livros,Pago
488,Diana,43,2023-05-28 00:34:31.364283,1531.24,Alimentos,Pago
489,Alice,28,2024-12-26 00:34:31.364291,416.29,Livros,Pago
490,Eduardo,55,2022-08-22 00:34:31.364299,1453.59,Móveis,Pago
491,Heloísa,19,2022-04-20 00:34:31.364307,1740.52,Roupas,Cancelado
492,Eduardo,24,2023-05-04 00:34:31.364316,935.2,Eletrônicos,Pago
493,Alice,35,2022-06-15 00:34:31.364322,1651.79,Livros,Pendente
494,Fernanda,44,2023-09-23 00:34:31.364327,1131.58,Livros,Pago
495,Eduardo,51,2024-06-27 00:34:31.364331,1292.33,Alimentos,Pago
496,Gabriel,44,2024-03-08 00:34:31.364336,1076.24,Móveis,Pago
497,Carlos,34,2023-06-03 00:34:31.364340,953.19,Alimentos,Pago
498,Diana,60,2023-05-31 00:34:31.364348,507.57,Alimentos,Pago
499,Alice,61,2024-02-21 00:34:31.364352,641.23,Móveis,Pendente
500,Diana,41,2024-04-04 00:34:31.364357,615.44,Eletrônicos,Pago
501,Gabriel,42,2024-05-09 00:34:31.364362,1148.41,Alimentos,Pago
502,Eduardo,24,2024-09-23 00:34:31.364366,283.91,Alimentos,Pago
503,Eduardo,23,2024-01-10 00:34:31.364371,1837.74,Livros,Cancelado
504,Heloísa,41,2022-06-17 00:34:31.364376,1455.28,Móveis,Pago
505,Gabriel,50,2023-11-21 00:34:31.364380,832.82,Roupas,Pago
506,Alice,46,2022-12-12 00:34:31.364385,359.32,Eletrônicos,Pago
507,Heloísa,60,2022-05-13 00:34:31.364391,1769.88,Eletrônicos,Pendente
508,Carlos,39,2022-12-28 00:34:31.364399,1656.37,Móveis,Cancelado
509,Heloísa,43,2023-11-17 00:34:31.364407,1457.36,Livros,Pago
510,Bruno,45,2023-02-12 00:34:31.364416,579.52,Livros,Pendente
511,Alice,38,2023-09-29 00:34:31.364425,834.77,Móveis,Pendente
512,Bruno,24,2023-10-27 00:34:31.364431,250.36,Livros,Pago
513,Gabriel,34,2024-10-28 00:34:31.364435,418.63,Eletrônicos,Pago
514,Fernanda,37,2023-02-01 00:34:31.364440,1576.88,Eletrônicos,Pago
515,Bruno,58,2024-02-24 00:34:31.364445,1444.33,Roupas,Cancelado
516,Carlos,37,2024-03-15 00:34:31.364449,1207.3,Móveis,Pago
517,Heloísa,39,2023-01-11 00:34:31.364454,1796.67,Alimentos,Pendente
518,Fernanda,45,2023-01-20 00:34:31.364458,1187.37,Alimentos,Pago
519,Heloísa,57,2022-06-26 00:34:31.364463,960.59,Roupas,Pendente
520,Bruno,24,2023-11-28 00:34:31.364467,713.72,Roupas,Pago
521,Heloísa,18,2022-11-07 00:34:31.364472,1883.87,Livros,Pago
522,Gabriel,49,2024-04-14 00:34:31.364477,211.3,Roupas,Pendente
523,Fernanda,30,2024-06-02 00:34:31.364482,1865.23,Roupas,Pendente
524,Gabriel,47,2024-01-10 00:34:31.364487,1662.09,Alimentos,Pendente
525,Bruno,40,2024-09-29 00:34:31.364491,303.36,Livros,Pago
526,Gabriel,36,2024-03-14 00:34:31.364496,1151.72,Roupas,Pago
527,Carlos,49,2024-06-20 00:34:31.364500,1739.77,Roupas,Pago
528,Bruno,47,2023-10-18 00:34:31.364505,1165.03,Livros,Pago
529,Bruno,46,2025-02-07 00:34:31.364510,1819.04,Móveis,Pago
530,Bruno,62,2023-08-08 00:34:31.364514,1888.82,Livros,Pago
531,Alice,46,2025-01-08 00:34:31.364519,873.65,Alimentos,Pago
532,Heloísa,47,2023-04-13 00:34:31.364524,785.76,Móveis,Cancelado
533,Alice,33,2023-07-06 00:34:31.364528,1875.83,Eletrônicos,Pago
534,Alice,57,2024-10-08 00:34:31.364533,1366.52,Livros,Pago
535,Carlos,36,2022-02-24 00:34:31.364538,276.24,Alimentos,Pago
536,Fernanda,35,2022-04-25 00:34:31.364545,132.47,Móveis,Pago
537,Heloísa,18,2022-07-17 00:34:31.364553,1151.03,Livros,Pago
538,Gabriel,31,2024-12-08 00:34:31.364561,1863.83,Roupas,Cancelado
539,Eduardo,64,2024-01-17 00:34:31.364583,1696.28,Livros,Pendente
540,Bruno,19,2023-07-22 00:34:31.364592,1367.9,Eletrônicos,Cancelado
541,Gabriel,45,2022-10-14 00:34:31.364599,321.28,Livros,Cancelado
542,Bruno,47,2024-10-12 00:34:31.364607,545.75,Móveis,Pago
543,Carlos,55,2022-08-03 00:34:31.364615,1757.25,Móveis,Pago
544,Bruno,21,2024-05-29 00:34:31.364623,406.47,Livros,Pago
545,Alice,18,2022-12-19 00:34:31.364631,592.96,Móveis,Pago
546,Heloísa,25,2024-06-11 00:34:31.364639,302.72,Roupas,Pago
547,Eduardo,46,2022-11-20 00:34:31.364646,1368.41,Livros,Pago
548,Diana,56,2024-09-08 00:34:31.364655,1890.77,Roupas,Pago
549,Bruno,20,2024-11-16 00:34:31.364663,574.49,Roupas,Pago
550,Gabriel,49,2022-11-09 00:34:31.364670,977.04,Alimentos,Pago
551,Alice,27,2024-03-20 00:34:31.364679,1286.96,Livros,Pago
552,Diana,27,2022-11-20 00:34:31.364687,1998.96,Móveis,Pago
553,Eduardo,36,2024-06-26 00:34:31.364696,254.38,Roupas,Pago
554,Diana,63,2024-02-04 00:34:31.364704,1022.21,Alimentos,Pago
555,Alice,51,2022-09-04 00:34:31.364712,800.98,Livros,Pendente
556,Heloísa,50,2023-10-25 00:34:31.364721,1738.35,Livros,Pago
557,Heloísa,40,2022-09-01 00:34:31.364729,978.14,Eletrônicos,Pago
558,Fernanda,45,2022-04-07 00:34:31.364738,266.41,Eletrônicos,Pendente
559,Heloísa,49,2023-10-26 00:34:31.364747,1287.13,Roupas,Pago
560,Fernanda,24,2022-08-17 00:34:31.364751,1553.02,Eletrônicos,Pago
561,Diana,46,2022-06-01 00:34:31.364756,55.62,Roupas,Pago
562,Carlos,25,2022-07-01 00:34:31.364761,1724.97,Móveis,Pago
563,Gabriel,18,2023-09-01 00:34:31.364765,412.74,Roupas,Pendente
564,Gabriel,20,2022-04-20 00:34:31.364770,1126.54,Eletrônicos,Pendente
565,Diana,41,2024-10-14 00:34:31.364778,860.81,Móveis,Pago
566,Bruno,40,2024-11-19 00:34:31.364786,1453.32,Eletrônicos,Pago
567,Bruno,25,2023-08-26 00:34:31.364794,773.77,Roupas,Pago
568,Heloísa,64,2022-10-27 00:34:31.364802,1746.04,Alimentos,Pago
569,Gabriel,54,2022-06-06 00:34:31.364810,1474.47,Livros,Pago
570,Gabriel,20,2023-11-30 00:34:31.364819,1313.04,Eletrônicos,Pago
571,Fernanda,50,2024-01-26 00:34:31.364827,1602.67,Roupas,Pago
572,Carlos,45,2023-04-19 00:34:31.364834,1520.34,Móveis,Pago
573,Alice,64,2025-01-07 00:34:31.364838,120.08,Eletrônicos,Pago
574,Bruno,25,2024-06-10 00:34:31.364843,819.73,Eletrônicos,Pago
575,Gabriel,51,2022-03-03 00:34:31.364847,1865.07,Livros,Pago
576,Fernanda,52,2023-04-28 00:34:31.364852,295.16,Roupas,Pendente
577,Eduardo,49,2023-11-10 00:34:31.364857,1487.34,Alimentos,Pago
578,Fernanda,41,2024-05-08 00:34:31.364862,1950.45,Móveis,Pago
579,Bruno,31,2022-05-15 00:34:31.364867,151.79,Roupas,Cancelado
580,Bruno,49,2023-01-03 00:34:31.364875,1380.28,Móveis,Pago
581,Fernanda,63,2024-03-11 00:34:31.364883,962.9,Eletrônicos,Pago
582,Alice,60,2023-05-19 00:34:31.364891,1179.39,Livros,Pago
583,Diana,33,2024-02-03 00:34:31.364896,216.42,Livros,Pago
584,Bruno,21,2023-04-01 00:34:31.364901,133.86,Alimentos,Pago
585,Fernanda,54,2022-03-07 00:34:31.364906,1350.39,Livros,Pago
586,Gabriel,38,2023-11-20 00:34:31.364910,1655.45,Eletrônicos,Pago
587,Fernanda,31,2022-06-12 00:34:31.364915,1574.93,Alimentos,Pendente
588,Carlos,48,2024-11-28 00:34:31.364920,1110.42,Roupas,Pago
589,Diana,65,2024-09-23 00:34:31.364924,244.74,Livros,Pago
590,Eduardo,35,2024-08-13 00:34:31.364929,1391.69,Alimentos,Pendente
591,Alice,24,2022-09-20 00:34:31.364934,521.68,Eletrônicos,Pago
592,Heloísa,27,2024-06-01 00:34:31.364938,1826.58,Móveis,Pendente
593,Eduardo,24,2024-01-16 00:34:31.364943,1684.62,Móveis,Pago
594,Diana,50,2023-01-17 00:34:31.364963,1433.3,Eletrônicos,Pendente
595,Diana,40,2023-06-21 00:34:31.364970,1900.25,Eletrônicos,Pago
596,Diana,38,2022-12-27 00:34:31.364978,111.27,Móveis,Pendente
597,Eduardo,36,2024-11-10 00:34:31.364986,1485.59,Alimentos,Cancelado
598,Gabriel,65,2022-11-22 00:34:31.364997,693.97,Móveis,Pago
599,Diana,36,2022-11-22 00:34:31.365005,1816.83,Eletrônicos,Pago
600,Fernanda,53,2023-12-27 00:34:31.365010,570.02,Livros,Pago
601,Eduardo,46,2024-10-18 00:34:31.365017,1463.47,Roupas,Pago
602,Heloísa,35,2023-12-25 00:34:31.365025,1761.41,Livros,Pago
603,Diana,19,2022-02-28 00:34:31.365034,131.23,Livros,Pago
604,Fernanda,18,2023-01-13 00:34:31.365040,825.41,Eletrônicos,Pago
605,Gabriel,64,2023-10-25 00:34:31.365046,1536.5,Móveis,Pago
606,Carlos,22,2023-09-19 00:34:31.365051,937.09,Alimentos,Pago
607,Gabriel,37,2024-09-17 00:34:31.365055,571.14,Livros,Pago
608,Heloísa,28,2024-11-19 00:34:31.365060,478.62,Móveis,Pago
609,Diana,59,2022-06-13 00:34:31.365065,306.46,Alimentos,Pago
610,Heloísa,19,2023-11-22 00:34:31.365069,1721.4,Livros,Pago
611,Eduardo,20,2023-07-02 00:34:31.365074,1171.94,Alimentos,Pago
612,Bruno,40,2023-09-28 00:34:31.365079,198.95,Móveis,Pago
613,Diana,29,2024-01-30 00:34:31.365083,796.03,Roupas,Pago
614,Bruno,37,2024-01-11 00:34:31.365088,767.08,Móveis,Pago
615,Fernanda,22,2024-06-18 00:34:31.365093,404.39,Eletrônicos,Pendente
616,Carlos,54,2023-02-08 00:34:31.365097,899.24,Alimentos,Pago
617,Alice,55,2023-04-30 00:34:31.365102,697.59,Roupas,Pago
618,Heloísa,47,2023-05-11 00:34:31.365107,716.52,Alimentos,Pago
619,Gabriel,26,2022-09-02 00:34:31.365111,1491.1,Alimentos,Pendente
620,Carlos,51,2024-12-16 00:34:31.365116,485.36,Livros,Cancelado
621,Diana,61,2022-04-19 00:34:31.365121,1301.63,Eletrônicos,Pago
622,Bruno,52,2024-07-21 00:34:31.365126,1162.77,Alimentos,Pago
623,Gabriel,39,2024-06-22 00:34:31.365130,1157.78,Móveis,Pendente
624,Bruno,61,2023-10-15 00:34:31.365135,1342.86,Móveis,Pago
625,Eduardo,41,2024-03-18 00:34:31.365140,1119.34,Livros,Pago
626,Bruno,34,2024-08-30 00:34:31.365145,1764.55,Eletrônicos,Pago
627,Eduardo,27,2023-04-19 00:34:31.365149,1367.38,Eletrônicos,Pago
628,Fernanda,47,2024-09-08 00:34:31.365154,1116.58,Móveis,Cancelado
629,Gabriel,63,2023-11-12 00:34:31.365159,1668.04,Roupas,Cancelado
630,Gabriel,40,2022-05-31 00:34:31.365164,1231.99,Livros,Pendente
631,Alice,49,2023-10-11 00:34:31.365169,617.73,Livros,Pago
632,Diana,34,2023-03-22 00:34:31.365174,453.84,Móveis,Pendente
633,Eduardo,34,2024-01-21 00:34:31.365179,347.04,Móveis,Pago
634,Alice,31,2023-03-19 00:34:31.365183,1803.94,Roupas,Pago
635,Bruno,26,2024-04-17 00:34:31.365188,1434.76,Roupas,Pendente
636,Bruno,57,2024-08-20 00:34:31.365193,1877.89,Eletrônicos,Pago
637,Alice,19,2023-06-01 00:34:31.365197,1226.42,Livros,Pago
638,Gabriel,62,2023-09-28 00:34:31.365202,973.13,Livros,Pago
639,Bruno,42,2023-08-23 00:34:31.365207,166.45,Móveis,Pendente
640,Heloísa,56,2023-06-06 00:34:31.365211,1359.7,Eletrônicos,Pago
641,Fernanda,26,2023-07-06 00:34:31.365216,1185.31,Livros,Pago
642,Fernanda,39,2023-02-06 00:34:31.365221,1980.91,Eletrônicos,Pago
643,Heloísa,60,2023-08-15 00:34:31.365226,516.36,Eletrônicos,Pendente
644,Alice,63,2025-01-29 00:34:31.365230,1084.94,Móveis,Pendente
645,Heloísa,21,2023-08-15 00:34:31.365235,1319.37,Eletrônicos,Pago
646,Eduardo,43,2024-01-19 00:34:31.365240,1306.95,Roupas,Pago
647,Eduardo,46,2023-06-05 00:34:31.365244,1144.52,Roupas,Pago
648,Alice,62,2024-11-06 00:34:31.365249,1565.01,Alimentos,Cancelado
649,Heloísa,51,2024-08-11 00:34:31.365263,449.71,Móveis,Pago
650,Eduardo,40,2025-02-02 00:34:31.365268,1464.97,Alimentos,Cancelado
651,Gabriel,54,2024-01-23 00:34:31.365273,1258.48,Roupas,Pago
652,Heloísa,28,2023-12-22 00:34:31.365279,1797.35,Alimentos,Pendente
653,Gabriel,23,2024-10-13 00:34:31.365283,1702.03,Móveis,Pendente
654,Eduardo,35,2023-07-28 00:34:31.365288,664.54,Móveis,Pago
655,Fernanda,38,2025-01-21 00:34:31.365293,588.66,Eletrônicos,Cancelado
656,Eduardo,59,2022-04-22 00:34:31.365298,1964.22,Livros,Pago
657,Gabriel,53,2024-06-22 00:34:31.365302,1078.17,Eletrônicos,Pago
658,Carlos,58,2024-07-02 00:34:31.365308,1817.52,Móveis,Pago
659,Diana,55,2022-12-23 00:34:31.365313,369.57,Roupas,Pendente
660,Bruno,51,2023-03-07 00:34:31.365317,1303.5,Roupas,Pago
661,Heloísa,34,2023-01-22 00:34:31.365322,1629.23,Eletrônicos,Pago
662,Carlos,54,2022-12-10 00:34:31.365327,1897.42,Móveis,Pago
663,Eduardo,42,2023-01-05 00:34:31.365332,707.81,Roupas,Pago
664,Fernanda,55,2023-02-24 00:34:31.365337,1463.71,Móveis,Pago
665,Alice,29,2024-08-03 00:34:31.365341,1100.69,Roupas,Pago
666,Eduardo,40,2022-07-20 00:34:31.365346,168.23,Móveis,Pendente
667,Fernanda,59,2024-12-02 00:34:31.365351,1395.5,Alimentos,Pago
668,Diana,39,2022-07-09 00:34:31.365355,1395.69,Móveis,Pago
669,Eduardo,38,2022-10-17 00:34:31.365360,1864.68,Móveis,Pago
670,Gabriel,44,2023-11-10 00:34:31.365365,1019.76,Eletrônicos,Pago
671,Alice,48,2023-07-19 00:34:31.365369,498.99,Alimentos,Pendente
672,Fernanda,23,2022-07-25 00:34:31.365374,136.9,Livros,Cancelado
673,Fernanda,44,2023-11-28 00:34:31.365379,860.5,Eletrônicos,Pago
674,Fernanda,57,2024-11-24 00:34:31.365387,638.74,Livros,Pendente
675,Diana,51,2024-11-10 00:34:31.365396,1534.12,Roupas,Pendente
676,Eduardo,29,2022-04-24 00:34:31.365404,740.82,Livros,Pendente
677,Diana,62,2022-10-28 00:34:31.365409,1900.69,Móveis,Pago
678,Heloísa,24,2024-11-24 00:34:31.365413,1926.5,Livros,Cancelado
679,Bruno,27,2025-01-07 00:34:31.365418,1260.77,Eletrônicos,Pago
680,Bruno,62,2024-01-08 00:34:31.365423,1860.89,Eletrônicos,Pago
681,Heloísa,34,2023-04-27 00:34:31.365427,1533.67,Livros,Pago
682,Eduardo,43,2022-04-15 00:34:31.365432,1116.38,Eletrônicos,Pago
683,Gabriel,38,2024-09-24 00:34:31.365436,401.6,Eletrônicos,Pago
684,Diana,45,2024-05-18 00:34:31.365441,944.27,Livros,Pago
685,Alice,63,2024-07-02 00:34:31.365446,1143.71,Alimentos,Pago
686,Fernanda,19,2024-02-19 00:34:31.365450,1734.73,Alimentos,Pendente
687,Fernanda,60,2023-12-11 00:34:31.365455,988.6,Roupas,Pendente
688,Eduardo,18,2024-01-17 00:34:31.365460,1800.47,Eletrônicos,Pago
689,Gabriel,53,2023-10-09 00:34:31.365464,1364.98,Livros,Pendente
690,Bruno,43,2023-08-29 00:34:31.365471,317.15,Eletrônicos,Pendente
691,Bruno,46,2023-08-06 00:34:31.365479,1990.21,Móveis,Pendente
692,Fernanda,38,2023-12-05 00:34:31.365487,1078.1,Eletrônicos,Pago
693,Eduardo,28,2023-01-08 00:34:31.365496,814.12,Eletrônicos,Pago
694,Diana,57,2024-03-06 00:34:31.365504,1335.27,Alimentos,Cancelado
695,Bruno,28,2023-09-18 00:34:31.365508,262.34,Livros,Pago
696,Diana,53,2024-10-04 00:34:31.365513,1291.25,Eletrônicos,Pago
697,Gabriel,56,2022-06-03 00:34:31.365517,1021.56,Alimentos,Pago
698,Bruno,57,2024-02-17 00:34:31.365522,843.01,Roupas,Pago
699,Bruno,52,2024-02-25 00:34:31.365527,1908.39,Alimentos,Pago
700,Carlos,51,2022-08-13 00:34:31.365532,1068.95,Alimentos,Pago
701,Bruno,64,2024-03-27 00:34:31.365537,477.28,Alimentos,Pago
702,Heloísa,41,2022-07-03 00:34:31.365541,944.98,Eletrônicos,Pendente
703,Alice,39,2023-11-14 00:34:31.365546,1842.81,Eletrônicos,Pendente
704,Heloísa,22,2022-07-19 00:34:31.365551,393.39,Roupas,Pago
705,Eduardo,50,2022-07-02 00:34:31.365556,467.22,Móveis,Cancelado
706,Eduardo,53,2022-11-06 00:34:31.365561,75.41,Móveis,Pago
707,Diana,64,2024-09-03 00:34:31.365566,77.67,Móveis,Pago
708,Heloísa,37,2024-07-17 00:34:31.365570,1667.31,Roupas,Pendente
709,Heloísa,36,2024-02-07 00:34:31.365575,1477.64,Móveis,Pendente
710,Heloísa,52,2024-10-23 00:34:31.365580,742.33,Móveis,Cancelado
711,Gabriel,60,2024-08-13 00:34:31.365584,1411.71,Alimentos,Pago
712,Bruno,34,2023-01-14 00:34:31.365589,820.65,Eletrônicos,Pendente
713,Alice,62,2024-02-15 00:34:31.365594,1908.15,Eletrônicos,Pago
714,Diana,60,2024-09-23 00:34:31.365598,1935.75,Alimentos,Pendente
715,Heloísa,51,2023-05-09 00:34:31.365603,815.95,Alimentos,Pendente
716,Heloísa,26,2023-01-11 00:34:31.365608,1715.73,Alimentos,Pago
717,Carlos,43,2024-02-11 00:34:31.365612,1557.52,Eletrônicos,Pago
718,Diana,19,2022-12-31 00:34:31.365618,654.5,Móveis,Pendente
719,Heloísa,26,2024-09-12 00:34:31.365627,502.48,Alimentos,Pago
720,Diana,26,2024-03-05 00:34:31.365635,943.56,Roupas,Pago
721,Bruno,57,2022-09-11 00:34:31.365643,1573.63,Alimentos,Pendente
722,Carlos,34,2023-09-15 00:34:31.365651,1922.33,Livros,Pago
723,Diana,18,2023-09-16 00:34:31.365656,1538.98,Alimentos,Pendente
724,Alice,42,2022-12-29 00:34:31.365660,1717.65,Eletrônicos,Pago
725,Alice,60,2024-05-22 00:34:31.365665,1225.98,Alimentos,Pago
726,Eduardo,57,2022-07-29 00:34:31.365669,1679.05,Livros,Pendente
727,Carlos,59,2024-08-20 00:34:31.365674,1579.62,Roupas,Pago
728,Carlos,42,2023-10-20 00:34:31.365679,785.12,Móveis,Pago
729,Eduardo,56,2022-10-27 00:34:31.365683,1126.38,Alimentos,Pendente
730,Diana,52,2024-10-18 00:34:31.365688,1619.27,Livros,Pago
731,Carlos,20,2022-06-10 00:34:31.365692,139.81,Livros,Pago
732,Alice,54,2022-12-22 00:34:31.365697,1625.75,Roupas,Pago
733,Alice,61,2024-01-02 00:34:31.365702,396.88,Eletrônicos,Pendente
734,Heloísa,61,2023-04-05 00:34:31.365706,1053.63,Alimentos,Pendente
735,Bruno,47,2024-10-29 00:34:31.365711,1626.14,Livros,Pendente
736,Carlos,55,2022-09-15 00:34:31.365716,544.95,Roupas,Pago
737,Diana,51,2024-10-20 00:34:31.365720,529.32,Móveis,Pendente
738,Eduardo,29,2025-01-11 00:34:31.365725,835.39,Livros,Pago
739,Eduardo,36,2023-10-11 00:34:31.365729,1794.55,Roupas,Pago
740,Diana,54,2023-01-01 00:34:31.365734,50.86,Eletrônicos,Pago
741,Gabriel,61,2022-07-22 00:34:31.365738,1807.7,Eletrônicos,Pendente
742,Fernanda,34,2024-09-23 00:34:31.365743,349.92,Livros,Pendente
743,Bruno,27,2022-05-04 00:34:31.365747,1980.67,Livros,Pago
744,Eduardo,64,2023-04-30 00:34:31.365752,1911.95,Alimentos,Pago
745,Carlos,29,2024-04-23 00:34:31.365756,1014.62,Roupas,Pendente
746,Bruno,33,2024-06-26 00:34:31.365762,1049.8,Livros,Pago
747,Carlos,41,2023-05-14 00:34:31.365771,989.02,Alimentos,Cancelado
748,Gabriel,36,2023-04-28 00:34:31.365779,1289.12,Alimentos,Pago
749,Alice,25,2024-06-28 00:34:31.365787,226.91,Livros,Pago
750,Bruno,48,2024-07-31 00:34:31.365797,113.6,Eletrônicos,Pago
751,Heloísa,38,2024-06-08 00:34:31.365806,162.52,Roupas,Pago
752,Eduardo,34,2023-07-02 00:34:31.365814,916.51,Roupas,Cancelado
753,Bruno,40,2023-04-29 00:34:31.365820,587.32,Eletrônicos,Pago
754,Bruno,54,2024-06-29 00:34:31.365825,1262.98,Livros,Pendente
755,Bruno,33,2023-09-04 00:34:31.365829,1985.26,Roupas,Pago
756,Fernanda,23,2022-10-13 00:34:31.365836,803.33,Livros,Pago
757,Bruno,25,2023-01-11 00:34:31.365840,1168.99,Livros,Pago
758,Carlos,42,2023-08-28 00:34:31.365845,860.43,Alimentos,Pago
759,Alice,35,2024-07-21 00:34:31.365850,1702.18,Eletrônicos,Cancelado
760,Gabriel,42,2023-11-14 00:34:31.365855,1809.36,Livros,Pago
761,Diana,29,2023-12-11 00:34:31.365859,1760.84,Móveis,Pago
762,Bruno,32,2024-05-12 00:34:31.365868,1950.03,Eletrônicos,Pago
763,Eduardo,43,2024-11-23 00:34:31.365877,103.66,Roupas,Pago
764,Bruno,58,2022-03-19 00:34:31.365886,1687.64,Alimentos,Pago
765,Eduardo,62,2023-11-16 00:34:31.365895,1515.96,Roupas,Pendente
766,Carlos,43,2024-05-17 00:34:31.365903,495.95,Roupas,Pago
767,Eduardo,64,2023-12-26 00:34:31.365908,1914.82,Eletrônicos,Pago
768,Heloísa,49,2023-03-26 00:34:31.365912,338.95,Roupas,Pago
769,Diana,27,2023-09-23 00:34:31.365917,1375.12,Livros,Cancelado
770,Alice,33,2023-03-19 00:34:31.365922,488.54,Roupas,Pago
771,Eduardo,24,2025-01-31 00:34:31.365926,891.19,Alimentos,Pago
772,Eduardo,34,2025-01-27 00:34:31.365931,1452.36,Alimentos,Pago
773,Alice,40,2024-01-03 00:34:31.365935,1148.48,Móveis,Pago
774,Diana,43,2022-04-02 00:34:31.365940,883.63,Alimentos,Pago
775,Bruno,38,2024-11-03 00:34:31.365944,686.36,Roupas,Pago
776,Eduardo,39,2024-10-06 00:34:31.365949,1687.34,Alimentos,Pendente
777,Alice,24,2024-02-23 00:34:31.365954,330.44,Eletrônicos,Pago
778,Heloísa,31,2024-10-13 00:34:31.365958,888.7,Alimentos,Pendente
779,Heloísa,32,2023-09-23 00:34:31.365963,1812.33,Livros,Pago
780,Carlos,24,2023-11-28 00:34:31.365967,1699.41,Eletrônicos,Pago
781,Alice,26,2022-09-29 00:34:31.365972,831.84,Móveis,Pago
782,Carlos,65,2023-11-04 00:34:31.365979,1538.06,Livros,Pago
783,Heloísa,25,2022-04-22 00:34:31.365988,1655.16,Roupas,Pendente
784,Diana,40,2024-04-23 00:34:31.365996,1783.33,Roupas,Pago
785,Bruno,46,2024-07-03 00:34:31.366001,1111.79,Roupas,Pago
786,Alice,35,2022-08-11 00:34:31.366006,448.7,Livros,Pago
787,Gabriel,48,2022-02-25 00:34:31.366010,547.85,Livros,Cancelado
788,Heloísa,47,2022-07-28 00:34:31.366015,626.6,Livros,Pago
789,Heloísa,56,2024-10-30 00:34:31.366019,1207.91,Eletrônicos,Cancelado
790,Gabriel,52,2022-04-19 00:34:31.366024,113.98,Eletrônicos,Pago
791,Fernanda,35,2023-10-08 00:34:31.366029,1290.28,Roupas,Pago
792,Heloísa,59,2022-08-02 00:34:31.366033,760.49,Alimentos,Pago
793,Eduardo,56,2023-07-02 00:34:31.366038,625.72,Roupas,Pago
794,Diana,34,2024-06-30 00:34:31.366042,1765.02,Móveis,Pago
795,Alice,31,2023-06-28 00:34:31.366047,947.0,Eletrônicos,Pago
796,Gabriel,48,2024-04-11 00:34:31.366052,235.35,Livros,Cancelado
797,Eduardo,41,2023-08-03 00:34:31.366056,1662.16,Eletrônicos,Pendente
798,Gabriel,52,2022-04-20 00:34:31.366062,142.9,Livros,Pendente
799,Alice,61,2024-07-25 00:34:31.366067,1467.16,Móveis,Pago
800,Carlos,62,2022-04-18 00:34:31.366072,1559.12,Móveis,Pago
801,Alice,51,2022-04-12 00:34:31.366076,737.58,Eletrônicos,Pago
802,Fernanda,20,2023-07-13 00:34:31.366083,1658.34,Livros,Pendente
803,Alice,54,2022-05-11 00:34:31.366091,1055.54,Móveis,Cancelado
804,Alice,60,2022-02-21 00:34:31.366101,953.42,Roupas,Pago
805,Fernanda,57,2023-03-24 00:34:31.366110,138.54,Roupas,Pago
806,Diana,43,2024-10-10 00:34:31.366118,615.56,Livros,Pago
807,Heloísa,40,2022-04-12 00:34:31.366126,1865.47,Eletrônicos,Pago
808,Alice,61,2023-09-02 00:34:31.366135,814.06,Móveis,Pago
809,Fernanda,56,2022-05-12 00:34:31.366143,1116.07,Eletrônicos,Pago
810,Eduardo,32,2024-07-07 00:34:31.366151,1087.44,Roupas,Pendente
811,Carlos,21,2022-11-20 00:34:31.366159,1201.34,Móveis,Pago
812,Carlos,46,2022-10-02 00:34:31.366164,169.6,Eletrônicos,Pago
813,Alice,39,2024-01-11 00:34:31.366169,756.24,Alimentos,Cancelado
814,Diana,42,2024-08-01 00:34:31.366173,1460.1,Livros,Pago
815,Diana,30,2025-01-12 00:34:31.366178,441.09,Livros,Pago
816,Eduardo,35,2022-07-23 00:34:31.366183,446.98,Alimentos,Pago
817,Alice,50,2024-08-15 00:34:31.366187,69.68,Roupas,Pago
818,Carlos,33,2022-03-06 00:34:31.366192,903.09,Móveis,Pago
819,Diana,62,2022-07-24 00:34:31.366196,1771.33,Livros,Pendente
820,Alice,59,2022-04-12 00:34:31.366201,151.21,Alimentos,Pago
821,Gabriel,61,2024-05-22 00:34:31.366205,422.68,Alimentos,Pago
822,Diana,19,2023-07-17 00:34:31.366210,654.66,Roupas,Pago
823,Fernanda,52,2023-09-22 00:34:31.366214,1476.86,Roupas,Pago
824,Gabriel,59,2023-09-12 00:34:31.366219,1299.24,Eletrônicos,Pendente
825,Heloísa,51,2024-03-20 00:34:31.366223,861.09,Livros,Pendente
826,Diana,47,2023-03-24 00:34:31.366228,1530.18,Eletrônicos,Pago
827,Carlos,30,2022-03-08 00:34:31.366232,1238.78,Alimentos,Pendente
828,Bruno,30,2023-10-08 00:34:31.366237,1797.28,Móveis,Pago
829,Gabriel,35,2022-09-03 00:34:31.366241,1645.15,Móveis,Cancelado
830,Heloísa,49,2023-01-15 00:34:31.366246,542.99,Roupas,Pago
831,Eduardo,49,2023-09-02 00:34:31.366251,579.31,Móveis,Cancelado
832,Eduardo,52,2024-09-10 00:34:31.366260,294.45,Móveis,Pendente
833,Carlos,56,2023-07-06 00:34:31.366268,707.08,Móveis,Pago
834,Diana,63,2024-09-13 00:34:31.366276,1999.11,Alimentos,Pago
835,Alice,46,2024-12-21 00:34:31.366285,841.21,Móveis,Cancelado
836,Diana,46,2022-08-19 00:34:31.366293,479.95,Móveis,Pendente
837,Carlos,61,2024-07-23 00:34:31.366302,1536.84,Móveis,Pago
838,Eduardo,33,2024-01-10 00:34:31.366310,1107.82,Eletrônicos,Pendente
839,Diana,61,2023-04-27 00:34:31.366319,341.72,Alimentos,Pago
840,Eduardo,64,2023-08-27 00:34:31.366327,792.34,Roupas,Pago
841,Gabriel,27,2022-05-28 00:34:31.366332,858.22,Eletrônicos,Pago
842,Heloísa,47,2022-08-07 00:34:31.366337,1519.97,Livros,Pago
843,Alice,42,2022-10-05 00:34:31.366341,90.31,Alimentos,Pendente
844,Gabriel,56,2025-01-31 00:34:31.366346,574.59,Alimentos,Pago
845,Eduardo,37,2023-12-15 00:34:31.366351,1059.31,Livros,Pendente
846,Eduardo,22,2023-02-10 00:34:31.366355,574.25,Livros,Pago
847,Bruno,18,2024-08-20 00:34:31.366360,1275.45,Livros,Pago
848,Bruno,47,2024-10-29 00:34:31.366364,989.64,Roupas,Pago
849,Gabriel,20,2023-10-27 00:34:31.366369,755.33,Móveis,Pago
850,Fernanda,62,2022-11-11 00:34:31.366374,1900.96,Alimentos,Pago
851,Gabriel,31,2023-01-18 00:34:31.366378,1282.71,Móveis,Pago
852,Bruno,47,2023-11-01 00:34:31.366383,303.39,Móveis,Pago
853,Eduardo,21,2023-01-18 00:34:31.366387,1142.18,Livros,Pago
854,Carlos,35,2022-06-24 00:34:31.366392,1572.43,Roupas,Pago
855,Gabriel,54,2022-05-06 00:34:31.366397,1431.55,Eletrônicos,Pago
856,Eduardo,42,2024-09-11 00:34:31.366402,385.57,Roupas,Pendente
857,Carlos,65,2024-01-15 00:34:31.366406,1946.22,Móveis,Cancelado
858,Carlos,18,2024-08-05 00:34:31.366411,925.19,Roupas,Pago
859,Bruno,63,2023-05-01 00:34:31.366416,360.1,Livros,Pago
860,Gabriel,32,2022-03-16 00:34:31.366421,401.38,Eletrônicos,Pago
861,Diana,26,2024-01-17 00:34:31.366426,241.56,Livros,Cancelado
862,Alice,32,2024-12-03 00:34:31.366434,1616.86,Eletrônicos,Pago
863,Bruno,41,2024-10-18 00:34:31.366439,287.96,Móveis,Pago
864,Bruno,21,2024-12-06 00:34:31.366443,293.99,Eletrônicos,Pago
865,Diana,29,2024-10-05 00:34:31.366450,1708.42,Eletrônicos,Pago
866,Alice,54,2023-06-28 00:34:31.366458,721.98,Eletrônicos,Pago
867,Eduardo,54,2022-11-05 00:34:31.366468,110.17,Roupas,Pendente
868,Fernanda,60,2023-10-08 00:34:31.366473,151.2,Roupas,Pago
869,Gabriel,23,2024-10-04 00:34:31.366478,327.23,Móveis,Pago
870,Fernanda,56,2024-12-31 00:34:31.366482,466.12,Eletrônicos,Pago
871,Eduardo,63,2022-06-22 00:34:31.366487,1347.04,Alimentos,Pago
872,Heloísa,41,2024-06-10 00:34:31.366491,356.79,Móveis,Cancelado
873,Bruno,28,2023-03-12 00:34:31.366496,281.81,Eletrônicos,Pago
874,Alice,30,2023-08-06 00:34:31.366501,1541.2,Eletrônicos,Pendente
875,Bruno,51,2023-01-24 00:34:31.366505,1358.56,Roupas,Pago
876,Carlos,42,2023-08-22 00:34:31.366510,898.88,Móveis,Pago
877,Bruno,24,2022-08-12 00:34:31.366514,1121.15,Eletrônicos,Cancelado
878,Bruno,21,2023-07-19 00:34:31.366519,658.37,Eletrônicos,Pago
879,Eduardo,25,2025-01-01 00:34:31.366523,990.88,Móveis,Pendente
880,Eduardo,37,2022-08-17 00:34:31.366528,1038.01,Alimentos,Pago
881,Eduardo,46,2023-03-18 00:34:31.366533,805.11,Móveis,Pendente
882,Fernanda,62,2024-06-03 00:34:31.366537,1817.82,Móveis,Pago
883,Carlos,63,2024-02-29 00:34:31.366542,81.32,Alimentos,Pago
884,Heloísa,27,2023-05-23 00:34:31.366549,1575.23,Móveis,Pendente
885,Heloísa,60,2023-02-07 00:34:31.366558,292.55,Eletrônicos,Cancelado
886,Eduardo,51,2022-05-16 00:34:31.366566,1605.22,Móveis,Cancelado
887,Alice,43,2022-08-03 00:34:31.366574,1251.03,Alimentos,Pendente
888,Fernanda,58,2023-05-20 00:34:31.366581,1694.39,Livros,Pendente
889,Diana,20,2022-12-20 00:34:31.366586,240.15,Móveis,Pago
890,Alice,23,2023-06-18 00:34:31.366590,1140.01,Roupas,Pago
891,Gabriel,22,2022-12-03 00:34:31.366595,1027.12,Eletrônicos,Pago
892,Gabriel,22,2023-04-05 00:34:31.366599,1427.08,Eletrônicos,Pago
893,Alice,64,2024-08-15 00:34:31.366604,1091.87,Roupas,Pago
894,Eduardo,40,2022-06-10 00:34:31.366608,1104.43,Roupas,Pago
895,Diana,26,2023-08-21 00:34:31.366613,887.71,Móveis,Pago
896,Diana,52,2023-02-25 00:34:31.366618,652.23,Roupas,Pago
897,Fernanda,37,2022-08-08 00:34:31.366622,990.42,Livros,Pago
898,Diana,59,2022-09-27 00:34:31.366628,281.06,Alimentos,Pago
899,Gabriel,52,2023-06-12 00:34:31.366632,1924.95,Roupas,Pago
900,Carlos,35,2024-01-02 00:34:31.366637,1443.1,Roupas,Pendente
901,Eduardo,34,2022-08-31 00:34:31.366642,1907.31,Livros,Pendente
902,Diana,41,2024-09-09 00:34:31.366647,492.12,Eletrônicos,Pago
903,Fernanda,20,2024-05-25 00:34:31.366652,1764.71,Eletrônicos,Pago
904,Gabriel,49,2023-05-29 00:34:31.366656,1627.14,Móveis,Pago
905,Carlos,52,2022-08-28 00:34:31.366661,1370.45,Livros,Pago
906,Bruno,55,2024-07-29 00:34:31.366666,1268.81,Alimentos,Pago
907,Bruno,30,2023-07-18 00:34:31.366671,667.27,Alimentos,Pago
908,Carlos,64,2022-11-01 00:34:31.366675,1642.0,Livros,Pago
909,Gabriel,42,2023-07-04 00:34:31.366680,1027.96,Alimentos,Pago
910,Fernanda,26,2024-06-14 00:34:31.366685,188.24,Eletrônicos,Cancelado
911,Carlos,21,2022-09-28 00:34:31.366689,660.08,Alimentos,Cancelado
912,Eduardo,31,2024-08-07 00:34:31.366696,1873.83,Alimentos,Pago
913,Eduardo,54,2023-04-01 00:34:31.366704,1708.83,Livros,Pago
914,Bruno,51,2022-02-21 00:34:31.366712,1964.72,Livros,Pago
915,Diana,28,2023-05-22 00:34:31.366721,1274.59,Alimentos,Pago
916,Fernanda,58,2023-04-19 00:34:31.366728,532.64,Roupas,Cancelado
917,Bruno,20,2022-07-21 00:34:31.366733,367.49,Livros,Pago
918,Diana,45,2024-08-04 00:34:31.366737,414.48,Móveis,Pendente
919,Diana,46,2023-10-16 00:34:31.366742,88.6,Móveis,Pago
920,Heloísa,26,2022-09-07 00:34:31.366746,811.83,Eletrônicos,Cancelado
921,Eduardo,20,2024-09-30 00:34:31.366751,423.28,Alimentos,Pago
922,Gabriel,42,2024-09-07 00:34:31.366755,852.73,Roupas,Pendente
923,Alice,51,2024-04-11 00:34:31.366760,1873.24,Eletrônicos,Pago
924,Gabriel,29,2025-01-29 00:34:31.366765,889.55,Alimentos,Pago
925,Alice,59,2022-06-11 00:34:31.366769,1762.07,Livros,Pago
926,Carlos,26,2024-04-20 00:34:31.366774,1230.73,Móveis,Pago
927,Eduardo,32,2024-02-14 00:34:31.366778,531.91,Roupas,Cancelado
928,Diana,57,2022-10-20 00:34:31.366783,743.92,Móveis,Cancelado
929,Fernanda,42,2024-02-01 00:34:31.366787,213.64,Livros,Pendente
930,Alice,22,2023-12-02 00:34:31.366792,700.25,Alimentos,Pago
931,Gabriel,28,2023-12-22 00:34:31.366797,1371.2,Livros,Pendente
932,Diana,51,2024-09-11 00:34:31.366801,190.62,Livros,Pago
933,Alice,41,2023-06-01 00:34:31.366806,450.53,Móveis,Pago
934,Alice,32,2022-09-08 00:34:31.366810,793.81,Roupas,Pago
935,Heloísa,55,2023-10-18 00:34:31.366815,1965.0,Livros,Pago
936,Alice,25,2022-05-09 00:34:31.366819,1580.48,Móveis,Pago
937,Fernanda,22,2024-03-29 00:34:31.366824,1480.3,Roupas,Pago
938,Eduardo,65,2023-07-02 00:34:31.366828,276.57,Alimentos,Pago
939,Fernanda,43,2022-05-11 00:34:31.366833,1572.94,Alimentos,Pendente
940,Bruno,35,2024-05-06 00:34:31.366837,1581.27,Eletrônicos,Pago
941,Diana,23,2023-07-07 00:34:31.366845,1222.15,Móveis,Pago
942,Eduardo,54,2023-07-27 00:34:31.366853,1981.21,Roupas,Pago
943,Heloísa,65,2025-01-22 00:34:31.366862,684.25,Livros,Pago
944,Eduardo,30,2022-07-11 00:34:31.366871,1885.48,Alimentos,Pago
945,Eduardo,45,2025-01-07 00:34:31.366880,1833.73,Roupas,Pago
946,Gabriel,22,2023-12-24 00:34:31.366888,72.39,Móveis,Pago
947,Eduardo,30,2024-08-26 00:34:31.366896,927.73,Eletrônicos,Pago
948,Heloísa,34,2023-09-09 00:34:31.366901,1955.35,Alimentos,Pago
949,Fernanda,57,2022-06-29 00:34:31.366905,251.09,Roupas,Pendente
950,Eduardo,62,2024-08-05 00:34:31.366910,1118.18,Roupas,Pago
951,Carlos,49,2023-06-20 00:34:31.366914,1958.97,Roupas,Pago
952,Diana,46,2022-10-31 00:34:31.366919,1133.22,Móveis,Pendente
953,Eduardo,20,2022-10-20 00:34:31.366924,420.14,Móveis,Pago
954,Diana,57,2025-01-28 00:34:31.366929,1185.26,Móveis,Pago
955,Carlos,51,2022-03-06 00:34:31.366934,448.66,Livros,Pendente
956,Carlos,57,2022-02-25 00:34:31.366939,1063.42,Roupas,Pago
957,Diana,44,2022-10-31 00:34:31.366948,194.38,Alimentos,Pago
958,Alice,30,2024-11-13 00:34:31.366956,1230.69,Móveis,Pago
959,Bruno,62,2023-12-12 00:34:31.366964,1057.74,Móveis,Pago
960,Gabriel,50,2023-05-24 00:34:31.366973,1493.31,Roupas,Pago
961,Alice,23,2023-07-12 00:34:31.366978,1279.87,Móveis,Pago
962,Alice,41,2024-03-12 00:34:31.366984,1121.73,Livros,Pago
963,Fernanda,36,2023-07-29 00:34:31.366988,1395.07,Livros,Pago
964,Gabriel,33,2023-06-19 00:34:31.366993,330.69,Móveis,Pago
965,Gabriel,57,2024-06-21 00:34:31.366998,1210.95,Roupas,Pago
966,Alice,45,2023-08-08 00:34:31.367002,385.62,Roupas,Pago
967,Eduardo,50,2022-07-05 00:34:31.367007,1854.77,Roupas,Pago
968,Fernanda,65,2025-01-18 00:34:31.367011,183.25,Eletrônicos,Pago
969,Fernanda,58,2024-01-25 00:34:31.367016,889.23,Móveis,Cancelado
970,Carlos,30,2024-05-18 00:34:31.367020,1406.81,Roupas,Pago
971,Heloísa,60,2023-09-06 00:34:31.367025,943.14,Livros,Pago
972,Gabriel,62,2024-02-02 00:34:31.367030,229.59,Alimentos,Pago
973,Alice,42,2022-02-23 00:34:31.367034,1129.09,Alimentos,Pago
974,Carlos,59,2022-09-19 00:34:31.367043,1301.18,Roupas,Cancelado
975,Diana,53,2024-07-20 00:34:31.367048,1422.4,Alimentos,Pago
976,Bruno,44,2024-02-09 00:34:31.367053,777.86,Alimentos,Cancelado
977,Heloísa,55,2023-02-06 00:34:31.367058,1149.14,Eletrônicos,Pago
978,Heloísa,24,2024-07-21 00:34:31.367067,928.84,Livros,Pendente
979,Heloísa,22,2024-12-02 00:34:31.367075,1360.51,Livros,Pago
980,Fernanda,60,2023-06-02 00:34:31.367082,1187.94,Eletrônicos,Pendente
981,Diana,62,2023-06-26 00:34:31.367086,1075.22,Eletrônicos,Pago
982,Heloísa,48,2022-12-30 00:34:31.367091,536.57,Alimentos,Pago
983,Diana,40,2022-05-25 00:34:31.367096,53.94,Móveis,Pago
984,Eduardo,59,2023-04-11 00:34:31.367100,389.46,Alimentos,Pago
985,Heloísa,27,2024-12-23 00:34:31.367105,278.28,Eletrônicos,Cancelado
986,Bruno,49,2022-04-06 00:34:31.367109,925.72,Livros,Pago
987,Diana,60,2022-09-22 00:34:31.367114,1243.9,Alimentos,Pago
988,Diana,47,2023-11-30 00:34:31.367119,465.52,Móveis,Pendente
989,Bruno,56,2024-12-15 00:34:31.367123,1881.16,Alimentos,Pago
990,Heloísa,48,2022-03-19 00:34:31.367128,63.03,Roupas,Cancelado
991,Bruno,35,2022-05-14 00:34:31.367132,1555.99,Alimentos,Pendente
992,Diana,53,2024-07-07 00:34:31.367137,1269.15,Eletrônicos,Pago
993,Bruno,19,2023-01-07 00:34:31.367141,778.43,Livros,Pendente
994,Diana,31,2023-04-12 00:34:31.367146,148.45,Livros,Pago
995,Diana,30,2023-06-29 00:34:31.367150,1273.6,Eletrônicos,Pago
996,Eduardo,46,2024-02-06 00:34:31.367156,801.95,Roupas,Pago
997,Alice,29,2023-03-13 00:34:31.367160,1875.72,Eletrônicos,Pago
998,Diana,56,2024-04-18 00:34:31.367167,1106.88,Alimentos,Pendente
999,Heloísa,19,2023-01-02 00:34:31.367172,1882.32,Eletrônicos,Cancelado
1000,Carlos,49,2023-10-04 00:34:31.367176,479.94,Eletrônicos,Pago
